X,Region,Year,Population,birth.Birth_Rate,death.Death_Rate,growth.Natural_Growth_Rate,electricity.Electricity_Consumption,algriculture.Gross_Output,price,product,tax,wage
1,Anhui,2019,6366,12.03,6.04,5.99,2300.68,2365.39,102.7,36845.5,2209.73,79037
2,Anhui,2018,6324,12.41,5.96,6.45,2135.07,2253.66,102,34010.9,2180.74,74378
3,Anhui,2017,6255,14.07,5.9,8.17,1921.48,2241.42,101.2,29676.2,1970.68,65150
4,Anhui,2016,6196,13.02,5.96,7.06,1794.98,2137.03,101.8,26307.7,1857.53,59102
5,Anhui,2015,6144,12.92,5.94,6.98,1639.79,2080.09,101.3,23831.2,1799.89,55139
6,Anhui,2014,6083,12.86,5.89,6.97,1585.18,2027.09,101.6,22519.7,1692.52,50894
7,Anhui,2013,6030,12.88,6.06,6.82,1528.1,1916.19,102.4,20584,1520.22,47806
8,Anhui,2012,5988,13,6.14,6.86,1361.1,1786.46,102.3,18341.7,1305.09,44601
9,Anhui,2011,5968,12.23,5.91,6.32,1221.19,1640.3,105.6,16284.9,1108.31,39352
10,Anhui,2010,5957,12.7,5.95,6.75,1077.91,1477.3,103.1,13249.8,866.55,33341
11,Anhui,2009,6131,13.07,6.6,6.47,952.31,1246.98,99.1,10864.7,629.32,28723
12,Anhui,2008,6135,13.05,6.6,6.45,858.88,1145.82,106.2,9517.7,527.93,25703
13,Anhui,2007,6118,12.75,6.4,6.35,769.1,1008.19,105.3,7941.6,401.88,21699
14,Anhui,2006,6110,12.6,6.3,6.3,662.18,907.53,101.2,6500.3,NA,17610
15,Anhui,2005,6120,12.43,6.23,6.2,582.16,818.48,101.4,5675.9,NA,NA
16,Anhui,2004,6228,11.62,5.5,6.12,515.94,842.02,104.5,5129.1,204.83,NA
17,Anhui,2003,6163,11.15,5.2,5.95,445.44,617.92,101.7,4307.8,176.77,NA
18,Anhui,2002,6144,11.2,5.17,6.03,389.94,712.38,99,3827.7,162,NA
19,Anhui,2001,6128,12.46,5.85,6.61,359.59,687.97,100.5,3502.8,164.16,NA
20,Beijing,2019,2154,8.12,5.49,2.63,1166.4,102.33,102.3,35445.1,4822.98,166803
21,Beijing,2018,2154,8.24,5.58,2.66,1142.38,114.75,102.5,33106,4988.83,145766
22,Beijing,2017,2171,9.06,5.3,3.76,1066.89,129.83,101.9,29883,4676.68,131700
23,Beijing,2016,2173,9.32,5.2,4.12,1020.27,145.2,101.4,27041.2,4452.97,119928
24,Beijing,2015,2171,7.96,4.95,3.01,952.72,154.48,101.8,24779.1,4263.91,111390
25,Beijing,2014,2152,9.75,4.92,4.83,937.05,155.1,101.6,22926,3861.29,102268
26,Beijing,2013,2115,8.93,4.52,4.41,913.1,170.41,103.3,21134.6,3514.52,93006
27,Beijing,2012,2069,9.05,4.31,4.74,874.3,166.29,103.3,19024.7,3124.75,84742
28,Beijing,2011,2019,8.29,4.27,4.02,821.71,163.37,105.6,17188.8,2854.63,75482
29,Beijing,2010,1962,7.48,4.41,3.07,809.9,154.22,102.4,14964,2251.59,65158
30,Beijing,2009,1860,8.06,4.56,3.5,739.15,146.13,98.5,12900.9,1913.97,57779
31,Beijing,2008,1771,8.17,4.75,3.42,689.72,128.1,105.1,11813.1,1775.58,55844
32,Beijing,2007,1676,8.32,4.92,3.4,667.01,115.48,102.4,10425.5,1435.67,45823
33,Beijing,2006,1601,6.26,4.97,1.29,611.57,104.47,100.9,8387,NA,39684
34,Beijing,2005,1538,6.29,5.2,1.09,570.54,100.59,101.5,7149.8,NA,NA
35,Beijing,2004,1493,6.1,5.4,0.7,510.11,92.68,101,6252.5,NA,NA
36,Beijing,2003,1456,5.1,5.2,-0.1,461.24,88.75,100.2,5267.2,588.96,NA
37,Beijing,2002,1423,6.6,5.7,0.9,439.96,90.1,98.2,4525.7,539.87,NA
38,Beijing,2001,1385,6.1,5.3,0.8,399.94,89.7,103.1,3861.5,475,NA
39,Chongqing,2019,3124,10.48,7.57,2.91,1160.27,1397.49,102.7,23605.8,1541.22,86559
40,Chongqing,2018,3102,11.02,7.54,3.48,1118.79,1292.68,102,21588.8,1603.03,78928
41,Chongqing,2017,3075,11.18,7.27,3.91,996.55,1165.69,101,20066.3,1476.33,70889
42,Chongqing,2016,3048,11.77,7.24,4.53,924.89,1123.83,101.8,18023,1438.45,65545
43,Chongqing,2015,3017,11.05,7.19,3.86,875.37,963.03,101.3,16040.5,1450.93,60543
44,Chongqing,2014,2991,10.67,7.05,3.62,867.24,906.43,101.8,14623.8,1281.83,55588
45,Chongqing,2013,2970,10.37,6.77,3.6,813.3,855.5,102.7,13027.6,1112.62,50006
46,Chongqing,2012,2945,10.86,6.86,4,723.5,801.18,102.6,11595.4,970.17,44498
47,Chongqing,2011,2919,9.88,6.71,3.17,717.03,717.28,105.3,10161.2,881.07,39430
48,Chongqing,2010,2885,9.17,6.4,2.77,626.44,600.03,103.2,8065.3,621.56,34727
49,Chongqing,2009,2859,9.9,6.2,3.7,533.8,517.76,98.4,6651.2,435.62,30499
50,Chongqing,2008,2839,10.1,6.3,3.8,484.41,464,105.6,5899.5,360.29,26640
51,Chongqing,2007,2816,10.1,6.3,3.8,449.22,405.15,104.7,4770.7,294.46,22965
52,Chongqing,2006,2808,9.9,6.5,3.4,405.2,323.01,102.4,3900.3,NA,19172
53,Chongqing,2005,2798,9.4,6.4,3,347.68,358.3,100.8,3448.4,NA,NA
54,Chongqing,2004,2793,9.45,6.6,2.85,309.06,332.95,103.7,3059.5,NA,NA
55,Chongqing,2003,2803,9.89,7.2,2.69,294.19,270.12,100.6,2615.6,119.37,NA
56,Chongqing,2002,2814,9.36,6.08,3.28,248.01,264.08,99.6,2279.8,101.63,NA
57,Chongqing,2001,2829,9.7,6.9,2.8,220.54,250.4,101.7,2014.6,87.39,NA
58,Fujian,2019,3973,12.9,6.1,6.8,2402.34,1774.77,102.6,42326.6,2208.98,81814
59,Fujian,2018,3941,13.2,6.2,7,2313.82,1653.45,101.5,38687.8,2237.42,74316
60,Fujian,2017,3911,15,6.2,8.8,2112.72,1527,101.2,33842.4,2052.64,67420
61,Fujian,2016,3874,14.5,6.2,8.3,1968.58,1474.49,101.7,29609.4,1962.72,61973
62,Fujian,2015,3839,13.9,6.1,7.8,1851.86,1358.58,101.7,26819.5,1938.71,57628
63,Fujian,2014,3806,13.7,6.2,7.5,1855.79,1307.63,102,24942.1,1893.73,53426
64,Fujian,2013,3774,12.2,6.01,6.19,1700.7,1196.59,102.5,22503.8,1723.28,48538
65,Fujian,2012,3748,12.74,5.73,7.01,1579.5,1119.42,102.4,20190.7,1440.34,44525
66,Fujian,2011,3720,11.41,5.2,6.21,1515.86,1025.03,105.3,17917.7,1254.31,38588
67,Fujian,2010,3693,11.27,5.16,6.11,1315.09,899.39,103.2,15002.5,966.09,32340
68,Fujian,2009,3666,12.2,6,6.2,1134.92,776.16,98.2,12418.1,778.14,28366
69,Fujian,2008,3639,12.2,5.9,6.3,1073.55,731.6,104.6,10931.8,704.45,25555
70,Fujian,2007,3612,11.9,5.9,6,1000.33,670.95,105.2,9325.6,594.02,22277
71,Fujian,2006,3585,12,5.75,6.25,866.84,601.96,100.8,7468.6,NA,19424
72,Fujian,2005,3557,11.6,5.62,5.98,756.59,571.01,102.2,6415.5,NA,NA
73,Fujian,2004,3529,11.58,5.62,5.96,664.35,525.8,104,5712.1,NA,NA
74,Fujian,2003,3502,11.43,5.58,5.85,585.35,466.75,100.8,4999.6,251.77,NA
75,Fujian,2002,3476,11.35,5.57,5.78,496.83,444.2,99.5,4467.6,NA,NA
76,Fujian,2001,3445,11.56,5.52,6.04,439.19,433.24,98.7,4072.9,NA,NA
77,Gansu,2019,2647,10.6,6.75,3.85,1288.05,1306.41,102.3,8718.3,577.92,73607
78,Gansu,2018,2637,11.07,6.65,4.42,1289.52,1166.1,102,8104.1,610.47,70695
79,Gansu,2017,2626,12.54,6.52,6.02,1164.37,1068.61,101.4,7336.7,547.14,63374
80,Gansu,2016,2610,12.18,6.18,6,1065.15,985.73,101.3,6907.9,526,57575
81,Gansu,2015,2600,12.36,6.15,6.21,1098.72,951.15,101.6,6556.6,529.79,52942
82,Gansu,2014,2591,12.21,6.11,6.1,1095.48,897.79,102.1,6518.4,490.26,46960
83,Gansu,2013,2582,12.16,6.08,6.08,1073.2,853.79,103.2,6014.5,417.73,42833
84,Gansu,2012,2578,12.11,6.05,6.06,994.6,772.98,102.7,5393.1,347.78,37679
85,Gansu,2011,2564,12.08,6.03,6.05,923.45,688.56,105.9,4816.9,284.04,32092
86,Gansu,2010,2560,12.05,6.02,6.03,804.43,628.88,104.1,3943.7,220.29,29096
87,Gansu,2009,2555,13.32,6.71,6.61,705.51,550.56,101.3,3268.3,176.04,26743
88,Gansu,2008,2551,13.22,6.68,6.54,677.76,503.73,108.2,3071.7,162.8,23632
89,Gansu,2007,2548,13.14,6.65,6.49,614.74,458.73,105.2,2675.1,142.05,20657
90,Gansu,2006,2547,12.86,6.62,6.24,536.33,395.84,101.3,2203,NA,16991
91,Gansu,2005,2545,12.59,6.57,6.02,489.48,362.89,101.7,1864.6,NA,NA
92,Gansu,2004,2541,12.43,6.52,5.91,452,331.37,102.3,1653.6,NA,NA
93,Gansu,2003,2537,12.58,6.46,6.12,398.33,275.82,101.1,1399.9,72.24,NA
94,Gansu,2002,2531,13.16,6.45,6.71,339.66,257.26,100,1232,65.43,NA
95,Gansu,2001,2523,13.58,6.43,7.15,306.09,253.99,104,1125.4,58.79,NA
96,Guangdong,2019,11521,12.54,4.46,8.08,6695.85,3530.21,103.4,107986.9,10063.95,98889
97,Guangdong,2018,11346,12.79,4.55,8.24,6323.35,3089.57,102.2,99945.2,9737.51,88636
98,Guangdong,2017,11169,13.68,4.52,9.16,5958.97,2889.97,101.5,91648.7,8871.89,79183
99,Guangdong,2016,10999,11.85,4.41,7.44,5610.13,2763.79,102.3,82163.2,8098.63,72326
100,Guangdong,2015,10849,11.12,4.32,6.8,5310.69,2490.2,101.5,74732.4,7377.07,65788
101,Guangdong,2014,10724,10.8,4.7,6.1,5235.23,2357.16,102.3,68173,6510.47,59481
102,Guangdong,2013,10644,10.71,4.69,6.02,4830.1,2229.64,102.5,62503.4,5767.94,53318
103,Guangdong,2012,10594,11.6,4.65,6.95,4619.4,2060.91,102.8,57007.7,5073.88,50278
104,Guangdong,2011,10505,10.45,4.35,6.1,4399.02,1910.21,105.3,53072.8,4548.66,45060
105,Guangdong,2010,10441,11.18,4.21,6.97,4060.13,1668.66,103.1,45944.6,3803.47,40432
106,Guangdong,2009,10130,11.78,4.52,7.26,3609.64,1442.4,97.7,39464.7,3130.61,36469
107,Guangdong,2008,9893,11.8,4.55,7.25,3504.82,1398.82,105.6,36704.2,2864.79,33282
108,Guangdong,2007,9660,11.96,4.66,7.3,3394.05,1268.7,103.7,31742.6,2415.47,29658
109,Guangdong,2006,9442,11.78,4.49,7.29,3004.03,1235.4,101.8,25961.2,NA,26400
110,Guangdong,2005,9194,11.7,4.68,7.02,2673.56,1109.17,102.3,21963,NA,NA
111,Guangdong,2004,9111,13.13,5.12,8.01,2387.14,959.97,103,18658.3,1191.55,NA
112,Guangdong,2003,8963,13.66,5.31,8.35,2031.29,851.72,100.6,15979.8,1109.5,NA
113,Guangdong,2002,8842,13.29,5.08,8.21,1687.83,841.77,98.6,13601.9,1032.33,NA
114,Guangdong,2001,8733,13.95,5.12,8.83,1458.42,817.95,99.3,12126.6,1014.72,NA
115,Guangxi,2019,4960,13.31,6.14,7.17,1907.33,3102.27,103.7,21237.1,1146.78,76479
116,Guangxi,2018,4926,14.12,5.96,8.16,1703.04,2717.48,102.3,19627.8,1122.09,70606
117,Guangxi,2017,4885,15.14,6.22,8.92,1444.95,2538.87,101.6,17790.7,1057.69,63821
118,Guangxi,2016,4838,13.82,5.95,7.87,1359.65,2342.2,101.6,16116.6,1036.22,57878
119,Guangxi,2015,4796,14.05,6.15,7.9,1334.32,2146.37,101.5,14797.8,1031.65,52982
120,Guangxi,2014,4754,14.07,6.21,7.86,1307.99,1993.98,102.1,13587.8,978.07,45424
121,Guangxi,2013,4719,14.28,6.35,7.93,1237.7,1868.3,102.2,12448.4,875.74,41391
122,Guangxi,2012,4682,14.2,6.31,7.89,1153.9,1724,103.2,11303.6,762.46,36386
123,Guangxi,2011,4645,13.71,6.04,7.67,1112.21,1602.48,105.9,10299.9,644.8,33032
124,Guangxi,2010,4610,14.13,5.48,8.65,993.24,1339.58,103,8552.4,533.87,30673
125,Guangxi,2009,4856,14.17,5.64,8.53,856.35,1134.98,97.9,7112.9,417.68,27322
126,Guangxi,2008,4816,14.4,5.7,8.7,753.39,1106.7,107.8,6455.4,346.49,24798
127,Guangxi,2007,4768,14.19,5.99,8.2,681.14,970.55,106.1,5474.8,282.68,21251
128,Guangxi,2006,4719,14.44,6.1,8.34,579.46,807.89,101.3,4417.8,NA,17571
129,Guangxi,2005,4660,14.26,6.09,8.16,510.15,711.89,102.4,3742.1,NA,NA
130,Guangxi,2004,4889,13.32,6.12,7.2,456.86,623.09,104.4,3305.1,NA,NA
131,Guangxi,2003,4857,13.86,6.57,7.29,414.93,500.82,101.1,2798.2,146.46,NA
132,Guangxi,2002,4822,13.3,6.3,7,356.95,465.47,99.1,2523.7,131.27,NA
133,Guangxi,2001,4788,13.8,6.07,7.73,331.92,439.93,100.6,2279.3,NA,NA
134,Guizhou,2019,3623,13.65,6.95,6.7,1540.68,2535.68,102.4,16769.3,1204.02,83298
135,Guizhou,2018,3600,13.9,6.85,7.05,1482.12,2288.71,101.8,15353.2,1266.02,78316
136,Guizhou,2017,3580,13.98,6.88,7.1,1384.89,2076.99,100.9,13605.4,1179.73,71795
137,Guizhou,2016,3555,13.43,6.93,6.5,1241.78,1900.61,101.4,11792.4,1120.44,66279
138,Guizhou,2015,3530,13,7.2,5.8,1174.21,1773.72,101.8,10541,1126.03,59701
139,Guizhou,2014,3508,12.98,7.18,5.8,1173.74,1322.7,102.4,9173.1,1026.7,52772
140,Guizhou,2013,3502,13.05,7.15,5.9,1126.3,997.76,102.5,7973.1,839.67,47364
141,Guizhou,2012,3484,13.27,6.96,6.31,1046.7,865.41,102.7,6742.2,681.66,41156
142,Guizhou,2011,3469,13.31,6.93,6.38,944.13,655.71,105.1,5615.6,518.14,36102
143,Guizhou,2010,3479,13.96,6.55,7.41,835.38,587.68,102.9,4519,395.57,30433
144,Guizhou,2009,3537,13.65,6.69,6.96,750.3,501.84,98.7,3856.7,311.71,27437
145,Guizhou,2008,3596,13.49,6.77,6.72,679.18,465.09,107.6,3504.5,260.8,23979
146,Guizhou,2007,3632,13.28,6.6,6.68,669.1,392.45,106.4,2847.5,211.85,20254
147,Guizhou,2006,3690,13.97,6.71,7.26,581.98,347.97,101.7,2264.1,NA,16481
148,Guizhou,2005,3730,14.59,7.21,7.38,486.97,335.53,101,1939.9,NA,NA
149,Guizhou,2004,3904,15.08,6.35,8.73,583.26,317.69,104,1649.4,NA,NA
150,Guizhou,2003,3870,15.91,6.87,9.04,551.07,275.47,101.2,1429,93.44,NA
151,Guizhou,2002,3837,17.96,7.21,10.75,366.63,278.88,99,1243.4,89.22,NA
152,Guizhou,2001,3799,18.56,7.23,11.33,335.19,279.95,101.8,1133.3,67.02,NA
153,Hainan,2019,945,12.87,6.11,6.76,354.89,819.58,103.4,5330.8,653.25,82227
154,Hainan,2018,934,14.48,6.01,8.47,326.82,729.51,102.5,4910.7,628.68,75885
155,Hainan,2017,926,14.73,6.01,8.72,304.95,707.42,102.8,4497.5,543.56,67727
156,Hainan,2016,917,14.57,6,8.57,287.31,676.56,102.8,4090.2,504.96,61663
157,Hainan,2015,911,14.57,6,8.57,272.36,598.7,101,3734.2,514.31,57600
158,Hainan,2014,903,14.56,5.95,8.61,251.88,555.72,102.4,3449,480.55,49882
159,Hainan,2013,895,14.59,5.9,8.69,232,476.05,102.8,3115.9,411.63,44971
160,Hainan,2012,887,14.66,5.81,8.85,210.3,453.09,103.2,2789.4,350.8,39485
161,Hainan,2011,877,14.72,5.75,8.97,185.28,395.46,106.1,2463.8,295.69,36244
162,Hainan,2010,869,14.71,5.73,8.98,159.02,337.89,104.8,2020.5,237.1,30775
163,Hainan,2009,864,14.66,5.7,8.96,133.77,305.01,99.3,1620.3,151.24,24790
164,Hainan,2008,854,14.71,5.72,8.99,121.72,272.51,106.9,1474.7,120.54,21767
165,Hainan,2007,845,14.62,5.71,8.91,113.25,223.55,105.1,1234,87.99,19220
166,Hainan,2006,836,14.59,5.73,8.86,97.68,213.71,101.5,1027.5,NA,15843
167,Hainan,2005,828,14.65,5.72,8.93,81.61,179.63,101.5,884.9,NA,NA
168,Hainan,2004,818,14.77,5.79,8.98,68.66,170.92,104.4,802.7,44.67,NA
169,Hainan,2003,811,14.68,5.52,9.16,59.3,152.71,100.1,714,40.54,NA
170,Hainan,2002,803,15.2,5.72,9.48,49,151.5,99.5,642.7,36.38,NA
171,Hainan,2001,796,15.23,5.76,9.47,42.96,141.27,98.5,579.2,35.09,NA
172,Hebei,2019,7592,10.83,6.12,4.71,3856.06,3114.86,103,34978.6,2630.73,72956
173,Hebei,2018,7556,11.26,6.38,4.88,3665.66,3085.86,102.4,32494.6,2555.82,68717
174,Hebei,2017,7520,13.2,6.6,6.6,3441.74,2890.6,101.7,30640.8,2199.35,63036
175,Hebei,2016,7470,12.42,6.36,6.06,3264.52,2772.86,101.5,28474.1,1996.12,55334
176,Hebei,2015,7425,11.35,5.79,5.56,3175.66,2820.11,100.9,26398.4,1934.29,50921
177,Hebei,2014,7384,13.18,6.23,6.95,3314.11,2893.29,101.7,25208.9,1866.06,45114
178,Hebei,2013,7333,13.04,6.87,6.17,3251.2,2975.01,103,24259.6,1724.87,41501
179,Hebei,2012,7288,12.88,6.41,6.47,3077.7,2710.55,102.6,23077.5,1560.59,38658
180,Hebei,2011,7241,13.02,6.52,6.5,2984.9,2484.67,105.7,21384.7,1348.51,35309
181,Hebei,2010,7194,13.22,6.41,6.81,2691.52,2470.11,103.1,18003.6,1074.04,31451
182,Hebei,2009,7034,12.93,6.43,6.5,2343.85,1927.78,99.3,15306.9,839.33,27774
183,Hebei,2008,6989,13.04,6.49,6.55,2095.02,1760.75,106.2,14200.1,748.89,24276
184,Hebei,2007,6943,13.33,6.78,6.55,2013.67,1639.07,104.7,12152.9,618.3,19742
185,Hebei,2006,6898,12.82,6.59,6.23,1734.83,1380.45,101.7,10043,NA,16456
186,Hebei,2005,6851,12.84,6.75,6.09,1501.92,1258,101.8,8773.4,NA,NA
187,Hebei,2004,6809,11.98,6.19,5.79,1291.41,1135.75,104.3,7588.6,NA,NA
188,Hebei,2003,6769,11.43,6.27,5.16,1098.99,958.3,102.2,6333.6,255.46,NA
189,Hebei,2002,6735,11.53,6.25,5.28,965.83,918.62,99,5518.9,202.75,NA
190,Hebei,2001,6699,11.16,6.18,4.98,867.55,899.38,100.5,5062.9,165.67,NA
191,Heilongjiang,2019,3751,5.73,6.74,-1.01,995.63,3774.48,102.8,13544.4,924.4,68416
192,Heilongjiang,2018,3773,5.98,6.67,-0.69,973.88,3634.99,102,12846.5,980.8,60780
193,Heilongjiang,2017,3789,6.22,6.63,-0.41,928.57,3471.26,101.3,12313,901.91,56067
194,Heilongjiang,2016,3799,6.12,6.61,-0.49,896.62,3189.71,101.5,11895,827.85,52435
195,Heilongjiang,2015,3812,6,6.6,-0.6,868.97,3156.93,101.1,11690,880.34,48881
196,Heilongjiang,2014,3833,7.37,6.46,0.91,859.42,3193.58,101.5,12170.8,977.4,44036
197,Heilongjiang,2013,3835,6.86,6.08,0.78,845.2,2954.75,102.2,11849.1,912.82,40794
198,Heilongjiang,2012,3834,7.3,6.03,1.27,827.9,2339.82,103.2,11015.8,837.8,36406
199,Heilongjiang,2011,3834,6.99,5.92,1.07,801.87,1778.45,105.8,9935,741.85,31302
200,Heilongjiang,2010,3833,7.35,5.03,2.32,747.84,1320.08,103.9,8308.3,556.97,27735
201,Heilongjiang,2009,3826,7.48,5.42,2.06,688.67,1136.51,100.2,7218.9,444.31,24805
202,Heilongjiang,2008,3825,7.91,5.68,2.23,669.9,1051.75,105.6,7134.2,420.21,21764
203,Heilongjiang,2007,3824,7.88,5.39,2.49,628.94,873.37,105.2,6126.3,334.97,18481
204,Heilongjiang,2006,3823,7.57,5.18,2.39,597.05,817.45,101.9,5329.8,NA,15894
205,Heilongjiang,2005,3820,7.87,5.2,2.67,555.85,718.59,101.2,4756.4,NA,NA
206,Heilongjiang,2004,3817,7.27,5.45,1.82,541.65,620.19,103.8,4134.7,NA,NA
207,Heilongjiang,2003,3815,7.48,5.45,2.03,503.63,502.93,100.9,3609.7,201.46,NA
208,Heilongjiang,2002,3813,7.98,5.44,2.54,468.45,487.5,99.3,3242.7,NA,NA
209,Heilongjiang,2001,3811,8.48,5.49,2.99,456.86,450.59,100.8,3043.4,NA,NA
210,Henan,2019,9640,11.02,6.84,4.18,3364.17,5408.59,103,53717.8,2841.34,67268
211,Henan,2018,9605,11.72,6.8,4.92,3417.68,4973.68,102.3,49935.9,2656.65,63174
212,Henan,2017,9559,12.95,6.97,5.98,3166.17,4552.68,101.4,44824.9,2329.31,55495
213,Henan,2016,9532,13.26,7.11,6.15,2989.15,4459.29,101.9,40249.3,2158.44,49505
214,Henan,2015,9480,12.7,7.05,5.65,2879.62,4503.71,101.3,37084.1,2101.17,45403
215,Henan,2014,9436,12.8,7.02,5.78,2919.57,4399.17,101.9,34574.8,1951.46,42179
216,Henan,2013,9413,12.27,6.76,5.51,2899.2,4126.25,102.9,31632.5,1764.71,38301
217,Henan,2012,9406,11.87,6.71,5.16,2747.7,3897.46,102.5,28961.9,1469.57,37338
218,Henan,2011,9388,11.56,6.62,4.94,2659.14,3553.25,105.6,26318.7,1263.1,33634
219,Henan,2010,9405,11.52,6.57,4.95,2353.96,3504.07,103.5,22655,1016.55,29819
220,Henan,2009,9487,11.45,6.46,4.99,2081.38,2811.18,99.4,19181,821.5,26906
221,Henan,2008,9429,11.42,6.45,4.97,1970.77,2547.77,107,17735.9,742.27,24438
222,Henan,2007,9360,11.26,6.32,4.94,1808,2248.65,105.4,14824.5,625.02,20639
223,Henan,2006,9392,11.59,6.27,5.32,1523.5,2011.09,101.3,11977.9,NA,16791
224,Henan,2005,9380,11.55,6.3,5.25,1352.74,1790.37,102.1,10243.5,NA,NA
225,Henan,2004,9717,11.67,6.47,5.2,1299.63,1602.88,105.4,8411.2,307.12,NA
226,Henan,2003,9667,12.1,6.46,5.64,1054.64,1137.74,101.6,6942.4,264.4,NA
227,Henan,2002,9613,12.41,6.38,6.03,916.25,1360.26,100.1,6035.5,242.24,NA
228,Henan,2001,9555,13.2,6.26,6.94,808.41,1331.55,100.7,5533,226.7,NA
229,Hubei,2019,5927,11.35,7.08,4.27,2214.3,3257.85,103.1,45429,2530.82,79303
230,Hubei,2018,5917,11.54,7,4.54,2071.43,3033.76,101.9,42022,2463.52,73777
231,Hubei,2017,5902,12.6,7.01,5.59,1869,2962.49,101.5,37235,2247.82,65912
232,Hubei,2016,5885,12.04,6.97,5.07,1763.11,2794.79,102.2,33353,2122.93,59831
233,Hubei,2015,5852,10.74,5.83,4.91,1665.16,2674.07,101.5,30344,2086.5,54367
234,Hubei,2014,5816,11.86,6.96,4.9,1656.54,2651.16,102,28242.1,1873.11,49838
235,Hubei,2013,5799,11.08,6.15,4.93,1629.8,2585.15,102.8,25378,1604.85,43899
236,Hubei,2012,5779,11,6.12,4.88,1507.9,2416.35,102.9,22590.9,1324.44,39846
237,Hubei,2011,5758,10.39,6.01,4.38,1450.76,2244.55,105.8,19942.5,1067.11,36128
238,Hubei,2010,5728,10.36,6.02,4.34,1330.44,1883.22,102.9,16226.9,777.96,31811
239,Hubei,2009,5720,9.48,6,3.48,1135.13,1490.91,99.6,13192.1,616.06,26547
240,Hubei,2008,5711,9.21,6.5,2.71,1058.53,1385.21,106.3,11497.5,537.21,22384
241,Hubei,2007,5699,9.19,5.96,3.23,989.23,1147.31,104.8,9451.4,433.98,19548
242,Hubei,2006,5693,9.08,5.95,3.13,876.76,995.46,101.6,7531.8,NA,15779
243,Hubei,2005,5710,8.74,5.69,3.05,788.91,932.15,102.9,6469.7,NA,NA
244,Hubei,2004,5698,8.43,6.03,2.4,699.41,921.59,104.9,5546.8,NA,NA
245,Hubei,2003,5685,8.26,5.94,2.32,629.2,733.36,102.2,4757.5,205.38,NA
246,Hubei,2002,5672,8.38,6.17,2.21,561.96,671.2,99.6,4212.8,191.01,NA
247,Hubei,2001,5658,8.51,6.07,2.44,526.02,658.26,100.3,3880.5,183.97,NA
248,Hunan,2019,6918,10.39,7.28,3.11,1864.32,3052.06,102.9,39894.1,2061.96,74316
249,Hunan,2018,6899,12.19,7.08,5.11,1745.24,2664.3,102,36329.7,1959.67,70221
250,Hunan,2017,6860,13.27,7.08,6.19,1581.51,2597.63,101.4,33828.1,1759.13,63690
251,Hunan,2016,6822,13.57,7.01,6.56,1495.65,2485.49,101.9,30853.5,1551.33,58241
252,Hunan,2015,6783,13.58,6.86,6.72,1447.63,2325.93,101.4,28538.6,1527.52,52357
253,Hunan,2014,6737,13.52,6.89,6.63,1430.88,2324.78,101.9,25881.3,1438.52,47117
254,Hunan,2013,6691,13.5,6.96,6.54,1423.1,2257.55,102.5,23545.2,1299.15,42726
255,Hunan,2012,6639,13.58,7.01,6.57,1346.5,2255.43,102,21207.2,1110.74,38971
256,Hunan,2011,6596,13.35,6.8,6.55,1293.44,2089.89,105.5,18915,915.4,34586
257,Hunan,2010,6570,13.1,6.7,6.4,1171.91,1848.89,103.1,15574.3,730.84,29670
258,Hunan,2009,6406,13.05,6.94,6.11,1010.57,1472.53,99.6,12772.8,568.27,26534
259,Hunan,2008,6380,12.68,7.28,5.4,904.95,1370.88,106,11307.4,486.31,24146
260,Hunan,2007,6355,11.96,6.71,5.25,890.58,1210.06,105.6,9285.5,410.66,21060
261,Hunan,2006,6342,11.92,6.73,5.19,768.77,1040.85,101.4,7431.6,NA,17400
262,Hunan,2005,6326,11.9,6.75,5.15,674.43,947.72,102.3,6369.9,NA,NA
263,Hunan,2004,6698,11.89,6.8,5.09,662.61,874,105.1,5542.6,218.7,NA
264,Hunan,2003,6663,11.82,6.87,4.95,546.95,671.66,102.4,4660,186.61,NA
265,Hunan,2002,6629,11.56,6.7,4.86,477.49,666.65,99.5,4151.5,148.61,NA
266,Hunan,2001,6596,11.8,6.72,5.08,439.78,665.7,99.1,3831.9,124.45,NA
267,Inner Mongolia,2019,2540,8.23,5.66,2.57,3653.02,1606.34,102.4,17212.5,1539.69,80563
268,Inner Mongolia,2018,2534,8.35,5.95,2.4,3353.44,1512.5,101.8,16140.8,1399.86,73835
269,Inner Mongolia,2017,2529,9.47,5.74,3.73,2891.87,1434.73,101.7,14898.1,1286.91,66679
270,Inner Mongolia,2016,2520,9.03,5.69,3.34,2605.03,1477.56,101.2,13789.3,1335.88,61067
271,Inner Mongolia,2015,2511,7.72,5.32,2.4,2542.87,1474.54,101.1,12949,1320.75,57135
272,Inner Mongolia,2014,2505,9.31,5.75,3.56,2416.74,1457.94,101.6,12158.2,1251.07,53748
273,Inner Mongolia,2013,2498,8.98,5.62,3.36,2181.9,1368.88,103.2,11392.4,1215.2,50723
274,Inner Mongolia,2012,2490,9.17,5.52,3.65,2016.8,1202.78,103.1,10470.1,1119.87,46557
275,Inner Mongolia,2011,2482,8.94,5.43,3.51,1864.07,1080.9,105.6,9458.1,985.69,41118
276,Inner Mongolia,2010,2472,9.3,5.54,3.76,1536.83,916.1,103.2,8199.9,752.81,35211
277,Inner Mongolia,2009,2458,9.57,5.61,3.96,1287.93,741.45,99.7,7104.2,576.83,30486
278,Inner Mongolia,2008,2444,9.81,5.54,4.27,1220.57,722.82,105.7,6242.4,464.45,25949
279,Inner Mongolia,2007,2429,10.21,5.73,4.48,1160.21,623.09,104.6,5166.9,347.91,21794
280,Inner Mongolia,2006,2415,9.87,5.91,3.96,884.91,542.23,101.5,4161.8,NA,18382
281,Inner Mongolia,2005,2403,10.08,5.46,4.62,667.72,473.89,102.4,3523.7,NA,NA
282,Inner Mongolia,2004,2393,9.53,5.98,3.55,535.58,411.54,102.9,2942.4,NA,NA
283,Inner Mongolia,2003,2386,9.24,6.17,3.07,406.62,335.96,102.2,2388.4,106.54,NA
284,Inner Mongolia,2002,2384,9.6,5.92,3.68,320.43,332.14,100.2,1940.9,162.48,NA
285,Inner Mongolia,2001,2381,10.77,5.79,4.98,280.89,307.57,100.6,1713.8,131.53,NA
286,Jiangsu,2019,8070,9.12,7.04,2.08,6264.36,3828.6,103.1,98656.8,7339.59,96527
287,Jiangsu,2018,8051,9.32,7.03,2.29,6128.27,3735.02,102.3,93207.6,7263.65,84688
288,Jiangsu,2017,8029,9.71,7.03,2.68,5807.89,3764.73,101.7,85869.8,6484.33,78267
289,Jiangsu,2016,7999,9.76,7.03,2.73,5458.95,3663.42,102.3,77350.9,6531.83,71574
290,Jiangsu,2015,7976,9.05,7.03,2.02,5114.7,3675.87,101.7,71255.9,6610.12,66196
291,Jiangsu,2014,7960,9.45,7.02,2.43,5012.54,3325.67,102.2,64830.5,6006.05,60867
292,Jiangsu,2013,7939,9.44,7.01,2.43,4956.6,3137.14,102.3,59349.4,5419.49,57177
293,Jiangsu,2012,7920,9.44,6.99,2.45,4580.9,2942.11,102.6,53701.9,4782.59,50639
294,Jiangsu,2011,7899,9.59,6.98,2.61,4281.62,2622.67,105.3,48839.2,4124.62,45487
295,Jiangsu,2010,7869,9.73,6.88,2.85,3864.37,2256.99,103.8,41383.9,3312.61,39772
296,Jiangsu,2009,7810,9.55,6.99,2.56,3313.99,1940.1,99.6,34471.7,2654.75,35217
297,Jiangsu,2008,7762,9.34,7.04,2.3,3118.32,1741.99,105.4,30945.5,2278.71,31297
298,Jiangsu,2007,7723,9.37,7.07,2.3,2952.02,1540.39,104.3,25988.4,1894.77,27212
299,Jiangsu,2006,7656,9.36,7.08,2.28,2569.75,1416.91,101.6,21240.8,NA,23657
300,Jiangsu,2005,7588,9.24,7.03,2.21,2193.45,1291.06,102.1,18121.3,NA,NA
301,Jiangsu,2004,7523,9.45,7.2,2.25,1820.08,1242.41,104.1,14823.1,833.71,NA
302,Jiangsu,2003,7458,9.04,7.03,2.01,1505.13,981.25,101,12442.9,690.53,NA
303,Jiangsu,2002,7406,9.17,6.99,2.18,1245.14,1165.5,99.2,10606.9,565.3,NA
304,Jiangsu,2001,7359,9.03,6.62,2.41,1078.44,1142.67,100.8,9456.8,523.84,NA
305,Jiangxi,2019,4666,12.59,6.03,6.56,1535.7,1624.25,102.9,24667.3,1747.63,73725
306,Jiangxi,2018,4648,13.43,6.06,7.37,1428.77,1549.22,102.1,22716.5,1663.15,68573
307,Jiangxi,2017,4622,13.79,6.08,7.71,1293.98,1489.29,102,20210.8,1515.01,61429
308,Jiangxi,2016,4592,13.45,6.16,7.29,1182.5,1435.31,102,18388.6,1471.1,56136
309,Jiangxi,2015,4566,13.2,6.24,6.96,1087.26,1361.85,101.5,16780.9,1517.03,50932
310,Jiangxi,2014,4542,13.24,6.26,6.98,1018.52,1170.83,102.3,15667.8,1381.13,46218
311,Jiangxi,2013,4522,13.19,6.28,6.91,947.1,1094.72,102.5,14300.2,1178.74,42473
312,Jiangxi,2012,4504,13.46,6.14,7.32,867.7,1020.74,102.7,12807.7,978.08,38512
313,Jiangxi,2011,4488,13.48,5.98,7.5,835.1,931.17,105.2,11584.5,777.09,33239
314,Jiangxi,2010,4462,13.72,6.06,7.66,700.51,810.68,103,9383.2,585.11,28363
315,Jiangxi,2009,4432,13.87,5.98,7.89,609.22,736.07,99.3,7630,430.02,24165
316,Jiangxi,2008,4400,13.92,6.01,7.91,545.88,698.35,106,6934.2,357.96,20597
317,Jiangxi,2007,4368,13.86,5.99,7.87,511.09,623.06,104.8,5777.6,281.86,18144
318,Jiangxi,2006,4339,13.8,6.01,7.79,446.2,557.19,101.2,4696.8,NA,15370
319,Jiangxi,2005,4311,13.79,5.96,7.83,391.98,510.47,101.7,3941.2,NA,NA
320,Jiangxi,2004,4284,13.61,5.99,7.62,389.2,491.06,103.5,3398.1,NA,NA
321,Jiangxi,2003,4254,14.07,5.98,8.09,299.53,383.71,100.8,2812.7,123.05,NA
322,Jiangxi,2002,4222,14.74,6.02,8.72,246.57,421.49,100.1,2450.5,187.04,NA
323,Jiangxi,2001,4186,15.44,6.06,9.38,222.28,405.92,99.5,2175.7,147.68,NA
324,Jilin,2019,2691,6.05,6.9,-0.85,780.37,1014.12,103,11726.8,797.98,73813
325,Jilin,2018,2704,6.62,6.26,0.36,750.57,992.96,102.1,11253.8,891.75,68533
326,Jilin,2017,2717,6.76,6.5,0.26,702.98,895.83,101.6,10922,854.03,61451
327,Jilin,2016,2733,5.55,5.6,-0.05,667.63,948.98,101.6,10427,872.97,56098
328,Jilin,2015,2753,5.87,5.53,0.34,651.96,1114.7,101.7,10018,867.12,51558
329,Jilin,2014,2752,6.62,6.22,0.4,667.81,1118.55,102,9966.5,884.4,46516
330,Jilin,2013,2751,5.36,5.04,0.32,653.8,1075.44,102.9,9427.9,856.41,42846
331,Jilin,2012,2750,5.73,5.37,0.36,637,1017.33,102.5,8678,760.57,38407
332,Jilin,2011,2749,6.53,5.51,1.02,630.15,910.43,105.2,7734.6,624.19,33610
333,Jilin,2010,2747,7.91,5.88,2.03,576.98,791.33,103.7,6410.5,439.31,29003
334,Jilin,2009,2740,6.69,4.74,1.95,515.25,726.02,100.1,5434.8,361.11,25943
335,Jilin,2008,2734,6.65,5.04,1.61,496.49,715.78,105.1,4834.7,311.07,23294
336,Jilin,2007,2730,7.55,5.05,2.5,462.64,627.08,105.3,4080.3,237.39,20371
337,Jilin,2006,2723,7.67,5,2.67,412.46,586.5,101.4,3226.5,NA,16393
338,Jilin,2005,2716,7.89,5.32,2.57,378.23,518.13,101.5,2776.5,NA,NA
339,Jilin,2004,2709,7.39,5.63,1.76,383.06,486.23,104.1,2455.2,130.51,NA
340,Jilin,2003,2704,7.25,5.64,1.61,359.4,438.34,101.2,2141,125.77,NA
341,Jilin,2002,2699,8.3,5.11,3.19,306.29,419.7,99.5,2043.1,111.97,NA
342,Jilin,2001,2691,8.76,5.38,3.38,295.08,405.85,101.3,1900.9,NA,NA
343,Liaoning,2019,4352,6.45,7.25,-0.8,2401.47,1912.02,102.4,24855.3,1929.52,72891
344,Liaoning,2018,4359,6.39,7.39,-1,2302.38,1749.41,102.5,23510.5,1976.13,67324
345,Liaoning,2017,4369,6.49,6.93,-0.44,2135.5,1620.48,101.4,21693,1812.42,61153
346,Liaoning,2016,4378,6.6,6.78,-0.18,2037.4,1589.88,101.6,20392.5,1687.45,56015
347,Liaoning,2015,4382,6.17,6.59,-0.42,1984.89,1796.54,101.4,20210.3,1650.45,52332
348,Liaoning,2014,4391,6.49,6.23,0.26,2038.73,1529.85,101.7,20025.7,2330.57,48190
349,Liaoning,2013,4390,6.09,6.12,-0.03,2008.5,1499.99,102.4,19208.8,2521.62,45505
350,Liaoning,2012,4389,6.15,6.54,-0.39,1899.9,1401.51,102.8,17848.6,2317.19,41858
351,Liaoning,2011,4383,5.71,6.05,-0.34,1861.53,1208.66,105.2,16354.9,1974.85,38154
352,Liaoning,2010,4375,6.68,6.26,0.42,1715.26,1071.03,103,13896.3,1516.65,34437
353,Liaoning,2009,4341,6.06,5.09,0.97,1488.17,871.56,100,12815.7,1183.98,30523
354,Liaoning,2008,4315,6.32,5.22,1.1,1412,869.23,104.6,12137.7,1017.1,27179
355,Liaoning,2007,4298,6.89,5.36,1.53,1359.51,824.48,105.1,10292.2,815.67,22882
356,Liaoning,2006,4271,6.4,5.3,1.1,1228.27,713,101.2,8390.3,NA,19365
357,Liaoning,2005,4221,7.01,6.04,0.97,1110.56,640.12,101.4,7260.8,NA,NA
358,Liaoning,2004,4217,6.51,5.6,0.91,1058.1,611.32,103.5,6469.8,411.5,NA
359,Liaoning,2003,4210,6.9,5.83,1.07,886.88,497.33,101.7,5906.3,361.4,NA
360,Liaoning,2002,4203,7.38,6.04,1.34,809.45,540.1,98.9,5458.2,333,NA
361,Liaoning,2001,4194,7.74,6.1,1.64,764.77,503.15,100,5033.1,256.5,NA
362,Ningxia,2019,695,13.72,5.69,8.03,1083.9,330.78,102.1,3748.5,267.5,83947
363,Ningxia,2018,688,13.32,5.54,7.78,1064.85,344.63,102.3,3510.2,298.3,78384
364,Ningxia,2017,682,13.44,4.75,8.69,978.3,308.96,101.6,3200.3,270.3,70298
365,Ningxia,2016,675,13.69,4.72,8.97,886.91,299.71,101.5,2781.4,246.55,65570
366,Ningxia,2015,668,12.62,4.58,8.04,878.33,300.04,101.1,2579.4,256.31,60380
367,Ningxia,2014,662,13.1,4.53,8.57,848.75,265.37,101.9,2473.9,250.33,54858
368,Ningxia,2013,654,13.12,4.5,8.62,811.2,261.83,103.4,2327.7,237.49,50476
369,Ningxia,2012,647,13.26,4.33,8.93,741.8,234.79,102,2131,207.02,47436
370,Ningxia,2011,639,13.65,4.68,8.97,724.54,219.2,106.3,1931.8,177.13,42703
371,Ningxia,2010,633,14.14,5.1,9.04,546.77,192.06,104.1,1571.7,126.79,37166
372,Ningxia,2009,625,14.38,4.7,9.68,462.96,145.04,100.7,1266.7,90.74,32916
373,Ningxia,2008,618,14.31,4.62,9.69,439.62,130.1,108.5,1139.2,77.74,30050
374,Ningxia,2007,610,14.8,5.04,9.76,439.78,110.68,105.5,877.6,58.79,25723
375,Ningxia,2006,604,15.53,4.84,10.69,377.85,90.55,101.9,683.3,NA,20900
376,Ningxia,2005,596,15.93,4.95,10.98,302.88,78.94,101.5,579.9,NA,NA
377,Ningxia,2004,588,15.97,4.79,11.18,272.83,71.3,103.7,519.9,NA,NA
378,Ningxia,2003,580,15.68,4.73,10.95,212,54.13,101.7,442.6,24.41,NA
379,Ningxia,2002,572,16.42,4.86,11.56,178.76,52.9,99.4,377.2,21.93,NA
380,Ningxia,2001,563,16.55,4.84,11.71,151.81,49.39,101.6,337.4,23.42,NA
381,Qinghai,2019,608,13.66,6.08,7.58,716.47,181.25,102.5,2941.1,198.7,90929
382,Qinghai,2018,603,14.31,6.25,8.06,738.34,169.24,102.5,2748,205.49,85379
383,Qinghai,2017,598,14.42,6.17,8.25,687.01,162.38,101.5,2465.1,183.96,75701
384,Qinghai,2016,593,14.7,6.18,8.52,637.51,155.52,101.8,2258.2,176.48,66589
385,Qinghai,2015,588,14.72,6.17,8.55,658,145,102.6,2011,205.81,61090
386,Qinghai,2014,583,14.67,6.18,8.49,723.21,144.21,102.8,1847.7,199.39,57084
387,Qinghai,2013,578,14.16,6.13,8.03,676.3,140.54,103.9,1713.3,175.05,51393
388,Qinghai,2012,573,14.3,6.06,8.24,602.2,117.09,103.1,1528.5,146.69,46483
389,Qinghai,2011,568,14.43,6.12,8.31,560.68,102.91,106.1,1370.4,119.85,41370
390,Qinghai,2010,563,14.94,6.31,8.63,465.18,92.07,105.4,1144.2,88.94,36121
391,Qinghai,2009,557,14.51,6.19,8.32,337.24,61.31,102.6,939.7,70.17,32481
392,Qinghai,2008,554,14.49,6.14,8.35,313.23,58.74,110.1,896.9,55.9,30101
393,Qinghai,2007,552,14.93,6.13,8.8,285.44,49.16,106.7,720.1,43.29,25318
394,Qinghai,2006,548,15.24,6.27,8.97,244.41,38.61,101.6,585.2,NA,21981
395,Qinghai,2005,543,15.7,6.21,9.49,206.56,36.44,100.8,499.4,NA,NA
396,Qinghai,2004,539,16.32,6.45,9.87,199.64,34.22,103.2,443.7,20.52,NA
397,Qinghai,2003,534,16.94,6.09,10.85,158.51,29.74,102,385,19.63,NA
398,Qinghai,2002,529,18.05,6.35,11.7,125.51,28.6,102.3,340.7,15.82,NA
399,Qinghai,2001,523,19.06,6.44,12.62,111.9,28.9,102.6,300.1,13.22,NA
400,Shaanxi,2019,3876,10.55,6.28,4.27,1912.34,2445.83,102.9,25793.2,1846.11,78361
401,Shaanxi,2018,3864,10.67,6.24,4.43,1594.17,2244.96,102.1,23941.9,1774.29,71983
402,Shaanxi,2017,3835,11.11,6.24,4.87,1494.75,2095.29,101.6,21473.5,1485.58,65181
403,Shaanxi,2016,3813,10.64,6.23,4.41,1357.06,1997.81,101.3,19045.8,1204.39,59637
404,Shaanxi,2015,3793,10.1,6.28,3.82,1221.73,1885.46,101,17898.8,1290.33,54994
405,Shaanxi,2014,3775,10.13,6.26,3.87,1226.01,1848.79,101.6,17402.5,1335.68,50535
406,Shaanxi,2013,3764,10.01,6.15,3.86,1152.2,1697.14,103,15905.4,1256.24,47446
407,Shaanxi,2012,3753,10.12,6.24,3.88,1066.7,1512.8,102.8,14142.4,1131.55,43073
408,Shaanxi,2011,3743,9.75,6.06,3.69,982.47,1350.68,105.7,12175.1,933.84,38143
409,Shaanxi,2010,3735,9.73,6.01,3.72,859.22,1100.71,104,9845.2,710.57,33384
410,Shaanxi,2009,3727,10.24,6.24,4,740.11,834.93,100.5,7997.8,532.8,29566
411,Shaanxi,2008,3718,10.29,6.21,4.08,708.03,788.44,106.4,7177.8,455.6,25478
412,Shaanxi,2007,3708,10.21,6.16,4.05,653.69,638.26,105.2,5681.8,355.5,20977
413,Shaanxi,2006,3699,10.19,6.15,4.04,580.73,523.42,101.5,4595.6,NA,16646
414,Shaanxi,2005,3690,10.02,6.01,4.01,516.43,472.9,101.2,3817.2,NA,NA
415,Shaanxi,2004,3681,10.59,6.33,4.26,459.78,413.74,103.1,3141.6,NA,NA
416,Shaanxi,2003,3672,10.67,6.38,4.29,421.92,334.35,101.7,2587.7,143.13,NA
417,Shaanxi,2002,3662,10.48,6.36,4.12,355.97,353.21,98.9,2253.4,96.62,NA
418,Shaanxi,2001,3653,10.5,6.34,4.16,321.54,337.42,101,2010.6,94.29,NA
419,Shandong,2019,10070,11.77,7.5,4.27,6218.72,4914.43,103.2,70540.5,4849.29,81446
420,Shandong,2018,10047,13.26,7.18,6.08,5916.77,4678.26,102.5,66648.9,4897.92,73593
421,Shandong,2017,10006,17.54,7.4,10.14,5430.16,4403.23,101.5,63012.1,4419.4,68081
422,Shandong,2016,9947,17.89,7.05,10.84,5390.75,4387.51,102.1,58762.5,4212.59,62539
423,Shandong,2015,9847,12.55,6.67,5.88,5117.05,4662.61,101.2,55288.8,4203.12,57270
424,Shandong,2014,9789,14.23,6.84,7.39,4223.49,4556.1,101.9,50774.8,3965.76,51825
425,Shandong,2013,9733,11.41,6.4,5.01,4083.1,4335.77,102.2,47344.3,3533.49,46998
426,Shandong,2012,9685,11.9,6.95,4.95,3794.6,3829.19,102.1,42957.3,3050.2,41904
427,Shandong,2011,9637,11.5,6.4,5.1,3635.26,3737.04,105,39064.9,2603.13,37618
428,Shandong,2010,9588,11.65,6.26,5.39,3298.46,3588.42,102.9,33922.5,2149.9,33321
429,Shandong,2009,9470,11.7,6.08,5.62,2941.07,3170.05,100,29540.8,1720.35,29398
430,Shandong,2008,9417,11.25,6.16,5.09,2726.97,2863.29,105.3,27106.2,1533.53,26234
431,Shandong,2007,9367,11.11,6.11,5,2596.05,2589.46,104.4,22718.1,1308.35,22734
432,Shandong,2006,9309,11.6,6.1,5.5,2272.07,2283.29,101,18967.8,NA,19135
433,Shandong,2005,9248,12.14,6.31,5.83,1911.61,2033.95,101.7,15947.5,NA,NA
434,Shandong,2004,9180,12.5,6.49,6.01,1693.71,1891.73,103.6,13308.1,627.43,NA
435,Shandong,2003,9125,11.42,6.64,4.78,1395.72,1599.32,101.1,10903.2,558.28,NA
436,Shandong,2002,9082,11.17,6.62,4.55,1241.74,1420.88,99.3,10076.5,495.03,NA
437,Shandong,2001,9041,11.12,6.24,4.88,1104.53,1401.34,101.8,9076.2,488.34,NA
438,Shanghai,2019,2428,7,5.5,1.5,1568.58,145.81,102.5,37987.6,6216.29,149377
439,Shanghai,2018,2424,7.2,5.4,1.8,1566.66,150.09,101.6,36011.8,6285.04,140400
440,Shanghai,2017,2418,8.1,5.3,2.8,1526.77,146.4,101.7,32925,5865.51,129795
441,Shanghai,2016,2420,9,5,4,1486.02,146.58,103.2,29887,5625.9,119935
442,Shanghai,2015,2415,7.52,5.07,2.45,1405.55,167.86,102.4,26887,4858.16,109174
443,Shanghai,2014,2426,8.35,5.21,3.14,1369.03,175.46,102.7,25269.8,4219.05,100251
444,Shanghai,2013,2415,8.18,5.24,2.94,1410.6,177.93,102.3,23204.1,3797.16,90908
445,Shanghai,2012,2380,9.56,5.36,4.2,1353.4,176.8,102.8,21305.6,3426.79,78673
446,Shanghai,2011,2347,6.97,5.1,1.87,1339.62,169.82,105.2,20009.7,3172.72,75591
447,Shanghai,2010,2303,7.05,5.07,1.98,1295.87,159.98,103.1,17915.4,2707.8,66115
448,Shanghai,2009,2210,8.64,5.94,2.7,1153.38,151,99.6,15742.4,2368.45,58336
449,Shanghai,2008,2141,8.89,6.17,2.72,1138.22,139.29,105.8,14536.9,2223.43,52122
450,Shanghai,2007,2064,9.07,6.03,3.04,1072.38,128.17,103.2,12878.7,1975.48,44976
451,Shanghai,2006,1964,7.47,5.89,1.58,990.14,119.99,101.2,10598.9,NA,37585
452,Shanghai,2005,1890,7.04,6.08,0.96,921.97,111.25,101,9197.1,NA,NA
453,Shanghai,2004,1835,6,6,0,821.44,109.32,102.2,8101.6,842.74,NA
454,Shanghai,2003,1766,4.85,6.2,-1.35,745.97,98.16,100.1,6804,863.68,NA
455,Shanghai,2002,1713,5.41,5.95,-0.54,645.71,97.21,100.5,5795,554.7,NA
456,Shanghai,2001,1668,5.02,5.97,-0.95,592.98,95.53,100,5257.7,458.28,NA
457,Shanxi,2019,3729,9.12,5.85,3.27,2261.9,936.76,102.7,16961.6,1783.66,69551
458,Shanxi,2018,3718,9.63,5.32,4.31,2160.53,894.95,101.8,15958.1,1645.67,65917
459,Shanxi,2017,3702,11.06,5.45,5.61,1990.61,861.89,101.1,14484.3,1397.43,60061
460,Shanxi,2016,3682,10.29,5.52,4.77,1797.18,824.42,101.1,11946.4,1036.67,53705
461,Shanxi,2015,3664,9.98,5.56,4.42,1737.21,846.87,100.6,11836.4,1056.6,51803
462,Shanxi,2014,3648,10.92,5.93,4.99,1822.63,872.56,101.7,12094.7,1134.34,48969
463,Shanxi,2013,3630,10.81,5.57,5.24,1832.3,839.06,103.1,11987.2,1136.89,46407
464,Shanxi,2012,3611,10.7,5.83,4.87,1765.8,774.35,102.5,11683.1,1045.22,44236
465,Shanxi,2011,3593,10.47,5.61,4.86,1650.41,711.61,105.2,10894.4,872.88,39230
466,Shanxi,2010,3574,10.68,5.38,5.3,1460,629.96,103,8903.9,692.71,33057
467,Shanxi,2009,3427,10.87,5.98,4.89,1267.54,548.43,99.6,7147.6,581.91,28066
468,Shanxi,2008,3411,11.32,6.01,5.31,1314.33,467.88,107.2,7223,566.49,25489
469,Shanxi,2007,3393,11.3,5.97,5.33,1348.81,381.87,104.6,5935.6,430.5,21315
470,Shanxi,2006,3375,11.48,5.73,5.75,1097.68,292.15,102,4713.6,NA,18106
471,Shanxi,2005,3355,12.02,6,6.02,946.33,281.74,102.3,4079.4,NA,NA
472,Shanxi,2004,3335,12.36,6.11,6.25,841.55,290.53,104.1,3496,170.71,NA
473,Shanxi,2003,3314,12.26,6.04,6.22,731.77,249.45,101.8,2854.3,147.6,NA
474,Shanxi,2002,3294,12.86,6.14,6.72,628.82,227.12,98.4,2324.8,112.2,NA
475,Shanxi,2001,3272,13.06,5.9,7.16,557.58,191.26,99.8,2029.5,92.69,NA
476,Sichuan,2019,8375,10.7,7.09,3.61,2635.83,4395.04,103.2,46363.8,2888.74,83367
477,Sichuan,2018,8341,11.05,7.01,4.04,2459.49,4153.71,101.7,42902.1,2819.76,77686
478,Sichuan,2017,8302,11.26,7.03,4.23,2205.18,4004.2,101.4,37905.1,2430.32,69419
479,Sichuan,2016,8262,10.48,6.99,3.49,2101.02,3701.64,101.9,33138.5,2329.23,63926
480,Sichuan,2015,8204,10.3,6.94,3.36,1992.4,3315.51,101.5,30342,2353.51,58915
481,Sichuan,2014,8140,10.22,7.02,3.2,2014.79,3068.61,101.6,28891.3,2312.46,52555
482,Sichuan,2013,8107,9.9,6.9,3,1949,2886.48,102.8,26518,2103.51,47965
483,Sichuan,2012,8076,9.89,6.92,2.97,1830.7,2764.9,102.5,23922.4,1827.04,42339
484,Sichuan,2011,8050,9.79,6.81,2.98,1751.44,2454.26,105.3,21050.9,1537.42,37330
485,Sichuan,2010,8045,8.93,6.62,2.31,1549.03,2059.33,103.2,17224.8,1180.58,32567
486,Sichuan,2009,8185,9.15,6.43,2.72,1324.61,1816,100.8,14190.6,886.67,28149
487,Sichuan,2008,8138,9.54,7.15,2.39,1210.13,1608,105.1,12756.2,732.07,24725
488,Sichuan,2007,8127,9.21,6.29,2.92,1177.51,1317,105.9,10562.1,628.95,21081
489,Sichuan,2006,8169,9.14,6.28,2.86,1059.44,1079,102.3,8494.7,NA,17612
490,Sichuan,2005,8212,9.7,6.8,2.9,942.59,1037.2,101.7,7195.9,NA,NA
491,Sichuan,2004,8090,9.05,6.27,2.78,857.02,987.7,104.9,6304,303.55,NA
492,Sichuan,2003,8176,9.18,6.06,3.12,758.79,804.7,101.7,5346.2,254.19,NA
493,Sichuan,2002,8110,10.44,6.55,3.89,660.51,807.43,99.7,4725,230.26,NA
494,Sichuan,2001,8143,11.16,6.79,4.37,589.57,769.95,102.1,4293.5,218.15,NA
495,Tianjin,2019,1562,6.73,5.3,1.43,878.43,202.91,102.7,14055.5,1634.35,108002
496,Tianjin,2018,1560,6.67,5.42,1.25,861.44,197.21,102,13362.9,1624.89,100731
497,Tianjin,2017,1557,7.65,5.05,2.6,805.59,183.17,102.1,12450.6,1611.96,94534
498,Tianjin,2016,1562,7.37,5.54,1.83,807.93,181.89,102.1,11477.2,1624.22,86305
499,Tianjin,2015,1547,5.84,5.61,0.23,800.6,182.51,101.7,10879.5,1578.07,80090
500,Tianjin,2014,1517,8.19,6.05,2.14,794.36,182.23,101.9,10640.6,1486.88,72773
501,Tianjin,2013,1472,8.28,6,2.28,774.5,176.63,103.1,9945.4,1310.66,67773
502,Tianjin,2012,1413,8.75,6.12,2.63,722.5,164.19,102.7,9043,1105.56,61514
503,Tianjin,2011,1355,8.58,6.08,2.5,695.15,155.2,104.9,8112.5,1004.51,55658
504,Tianjin,2010,1299,8.18,5.58,2.6,645.74,149.52,103.5,6830.8,776.65,51489
505,Tianjin,2009,1228,8.3,5.7,2.6,550.16,127.86,99,5709.6,614.27,43937
506,Tianjin,2008,1176,8.13,5.94,2.19,515.88,120.35,105.4,5182.4,546.26,39990
507,Tianjin,2007,1115,7.91,5.86,2.05,494.91,114.18,104.2,4158.4,438.36,33312
508,Tianjin,2006,1075,7.67,6.07,1.6,433.65,110.05,101.5,3538.2,NA,27628
509,Tianjin,2005,1043,7.44,6.01,1.43,384.84,97.49,101.5,3158.6,NA,NA
510,Tianjin,2004,1024,7.31,5.97,1.34,350.97,95.29,102.3,2621.1,201.64,NA
511,Tianjin,2003,1011,7.14,6.04,1.1,313,88.2,101,2257.8,177.56,NA
512,Tianjin,2002,1007,7.49,6.04,1.45,274.39,86.06,99.6,1926.9,154.81,NA
513,Tianjin,2001,1004,7.58,5.94,1.64,247.94,86.73,101.2,1756.9,153.8,NA
514,Tibet,2019,351,14.6,4.46,10.14,77.6,94.9,102.3,1697.8,157.52,118118
515,Tibet,2018,344,15.22,4.58,10.64,69.02,88.08,101.7,1548.4,155.93,116015
516,Tibet,2017,337,16,4.95,11.05,58.19,78.44,101.6,1349,122.7,108817
517,Tibet,2016,331,15.79,5.11,10.68,49.22,52.23,102.5,1173,99.05,103232
518,Tibet,2015,324,15.75,5.1,10.65,40.53,68.05,102,1043,92,97849
519,Tibet,2014,318,15.76,5.21,10.55,33.98,63.26,102.9,939.7,85.86,61235
520,Tibet,2013,312,15.77,5.39,10.38,30.7,57.92,103.6,828.2,71.54,57773
521,Tibet,2012,308,15.48,5.21,10.27,27.8,53.39,103.5,710.2,70.07,51705
522,Tibet,2011,303,15.39,5.13,10.26,23.77,49.62,105,611.5,45.83,49464
523,Tibet,2010,300,15.8,5.55,10.25,20.41,46.14,102.2,512.9,25.28,49898
524,Tibet,2009,296,15.31,5.07,10.24,17.7,39.06,101.4,445.7,18.51,45347
525,Tibet,2008,292,15.5,5.2,10.3,16,43.7,105.7,398.2,15.19,44055
526,Tibet,2007,289,16.4,5.1,11.3,15,39.49,103.4,344.1,11.67,42820
527,Tibet,2006,285,17.4,5.7,11.7,13,35.23,102,285.9,NA,29119
528,Tibet,2005,280,17.94,7.15,10.79,NA,25.48,101.5,243.1,NA,NA
529,Tibet,2004,276,17.4,6.2,11.2,NA,26.56,102.7,217.9,7.19,NA
530,Tibet,2003,272,17.4,6.3,11.1,NA,25.27,100.9,186,6.54,NA
531,Tibet,2002,268,18.83,6.07,12.76,NA,29.08,100.4,162,5.81,NA
532,Tibet,2001,264,18.6,6.5,12.1,NA,27.61,100.1,139.2,5.36,NA
533,Xinjiang,2019,2523,8.14,4.45,3.69,2867.55,2616.3,101.9,13597.1,1016.09,79421
534,Xinjiang,2018,2487,10.69,4.56,6.13,2686.48,2541.16,102,12809.4,1051.8,75457
535,Xinjiang,2017,2445,15.88,4.48,11.4,2542.85,2313.24,102.2,11159.9,944.38,67932
536,Xinjiang,2016,2398,15.34,4.26,11.08,2316.46,2201.74,101.4,9630.8,869.18,63739
537,Xinjiang,2015,2360,15.59,4.51,11.08,2160.34,2037.59,100.6,9306.9,861.73,60117
538,Xinjiang,2014,2298,16.44,4.97,11.47,1900.24,1982.99,102.1,9264.5,887.79,53471
539,Xinjiang,2013,2264,15.84,4.92,10.92,1539.8,1828.63,103.9,8392.6,826.34,49064
540,Xinjiang,2012,2233,15.32,4.48,10.84,1151.5,1692.89,103.8,7411.8,698.93,44576
541,Xinjiang,2011,2209,14.99,4.42,10.57,839.1,1450.67,105.9,6532,593.41,38238
542,Xinjiang,2010,2185,15.99,5.43,10.56,661.96,1386.67,104.3,5360.2,416.23,32003
543,Xinjiang,2009,2159,15.99,5.43,10.56,547.88,903.4,100.7,4237,301.13,27617
544,Xinjiang,2008,2131,16.05,4.88,11.17,479.37,786.97,108.1,4142.5,286.55,24686
545,Xinjiang,2007,2095,16.79,5.01,11.78,413.32,768.31,105.5,3500,220.65,21249
546,Xinjiang,2006,2050,15.79,5.03,10.76,356.2,656.74,101.3,2957.3,NA,17704
547,Xinjiang,2005,2010,16.42,5.04,11.38,310.14,595.85,100.7,2520.5,NA,NA
548,Xinjiang,2004,1963,16,5.09,10.91,265.9,515,102.7,2170.4,123.19,NA
549,Xinjiang,2003,1934,16.01,5.23,10.78,234.62,482.76,100.4,1889.2,105.24,NA
550,Xinjiang,2002,1905,16.3,5.43,10.87,214.6,362.77,99.4,1612.6,93.58,NA
551,Xinjiang,2001,1876,16.82,5.69,11.13,197.92,348.84,104,1491.6,72.68,NA
552,Yunnan,2019,4858,12.63,6.2,6.43,1812.26,2680.16,102.5,23223.8,1450.63,86585
553,Yunnan,2018,4830,13.19,6.32,6.87,1679.08,2234.74,101.6,20880.6,1423.25,75701
554,Yunnan,2017,4801,13.53,6.68,6.85,1538.1,1982.52,100.9,18486,1233.85,69106
555,Yunnan,2016,4771,13.16,6.55,6.61,1410.52,1888.83,101.5,16369,1173.52,60450
556,Yunnan,2015,4742,12.88,6.48,6.4,1438.61,1794.65,101.9,14960,1210.54,52564
557,Yunnan,2014,4714,12.65,6.45,6.2,1529.38,1765.43,102.4,14041.7,1233.23,46101
558,Yunnan,2013,4687,12.6,6.43,6.17,1459.8,1606.89,103.1,12825.5,1215.66,42447
559,Yunnan,2012,4659,12.63,6.41,6.22,1315.9,1374.39,102.7,11097.4,1063.9,37629
560,Yunnan,2011,4631,12.71,6.36,6.35,1204.07,1108.74,104.9,9523.1,881.95,34004
561,Yunnan,2010,4602,13.1,6.56,6.54,1004.07,915.05,103.7,7735.3,702.16,29195
562,Yunnan,2009,4571,12.53,6.45,6.08,891.19,843.38,100.4,6574.4,548.11,26163
563,Yunnan,2008,4543,12.63,6.31,6.32,829.44,786.35,105.7,6016.6,482.39,23305
564,Yunnan,2007,4514,13.08,6.22,6.86,745.52,705.13,105.9,5077.4,378.64,19912
565,Yunnan,2006,4483,13.2,6.3,6.9,645.61,610.3,101.9,4090.7,NA,18262
566,Yunnan,2005,4450,14.72,6.75,7.97,557.25,559.32,101.4,3497.7,NA,NA
567,Yunnan,2004,4415,15.6,6.6,9,475.19,516.92,106,3136.4,209.36,NA
568,Yunnan,2003,4376,17,7.2,9.8,409.79,433.91,101.2,2633.4,184.43,NA
569,Yunnan,2002,4333,17.9,7.3,10.6,353.2,445.35,99.8,2358.7,173.36,NA
570,Yunnan,2001,4287,18.51,7.57,10.94,320.75,431.31,99.1,2159,163.52,NA
571,Zhejiang,2019,5850,10.51,5.52,4.99,4706.22,1594.96,102.9,62462,5898.75,99654
572,Zhejiang,2018,5737,11.02,5.58,5.44,4532.82,1517.96,102.3,58002.8,5586.63,88883
573,Zhejiang,2017,5657,11.92,5.56,6.36,4192.63,1494.49,102.1,52403.1,4940.74,80750
574,Zhejiang,2016,5590,11.22,5.52,5.7,3873.19,1455.29,101.9,47254,4540.09,73326
575,Zhejiang,2015,5539,10.52,5.5,5.02,3553.9,1378.65,101.4,43507.7,4168.22,66668
576,Zhejiang,2014,5508,10.51,5.51,5,3506.39,1337.71,102.1,40023.5,3853.96,61572
577,Zhejiang,2013,5498,10.01,5.45,4.56,3453.1,1295.98,102.3,37334.6,3545.66,56571
578,Zhejiang,2012,5477,10.12,5.52,4.6,3210.6,1197.12,102.2,34382.4,3227.77,50197
579,Zhejiang,2011,5463,9.47,5.4,4.07,3116.91,1126.81,105.4,31854.8,2952.01,45162
580,Zhejiang,2010,5447,10.27,5.54,4.73,2820.93,1023.02,103.8,27399.9,2464.96,40640
581,Zhejiang,2009,5276,10.22,5.59,4.63,2471.44,867.45,98.5,22833.7,1983.81,36553
582,Zhejiang,2008,5212,10.2,5.62,4.58,2322.87,805.93,105,21284.6,1792.09,33622
583,Zhejiang,2007,5155,10.38,5.57,4.81,2189.37,732.67,104.2,18640,1535.35,30818
584,Zhejiang,2006,5072,10.29,5.42,4.87,1909.23,684,101.1,15302.7,NA,27570
585,Zhejiang,2005,4991,11.1,6.08,5.02,1642.31,654.81,101.3,13028.3,NA,NA
586,Zhejiang,2004,4925,10.71,5.76,4.95,1419.53,592.59,103.9,11482.1,NA,NA
587,Zhejiang,2003,4857,9.66,6.38,3.28,1240.35,529.44,101.9,9753.4,673.47,NA
588,Zhejiang,2002,4776,9.98,6.19,3.79,1010.72,532.2,99.1,8040.7,NA,NA
589,Zhejiang,2001,4729,10.02,6.25,3.77,848.4,529.47,99.8,6927.7,NA,NA
